{"cameraMode":{"drawMode":0,"name":"Shaded","section":"Shading Mode"},"sceneLighting":false,"audioPlay":false,"sceneViewState":{"m_AlwaysRefresh":false,"showFog":true,"showSkybox":false,"showFlares":true,"showImageEffects":true,"showParticleSystems":true,"showVisualEffectGraphs":true,"m_FxEnabled":true},"in2DMode":false,"pivot":{"x":-33.41999816894531,"y":9.5367431640625e-7,"z":0.019999999552965165},"rotation":{"x":-0.26060283184051516,"y":0.12147323787212372,"z":-0.03306686133146286,"w":-0.9572095274925232},"size":0.8660253882408142,"orthographic":false}